id_venta,id_pedido,fecha_registro_cliente,canal_venta,categoria_producto,producto,cantidad,precio_unitario,subtotal_linea,tipo_pedido,con_reservacion,id_mesa,ubicacion_mesa,tipo_mesa,fecha_reservacion,estado_reservacion,fecha_pedido,hora_pedido,estado_pedido,metodo_pago,estado_pago,subtotal_pedido,impuestos,total_pedido,tiempo_entrega_min,calificacion_servicio,tipo_cliente,origen_ecommerce,cliente_id_anon
1018,1415,2026-06-06,página web,café frío,café helado,1,47.78,47.78,para llevar,false,,nan,nan,nan,nan,2026-06-08,16:15:00,entregao,pago en línea,pagado,126.84,20.29,147.13,31.0,5.0,vip,True,b4944c6ff08d
991,1402,2025-06-05,presencial (mostrador),café caliente,latte,1,,54.45,para llevar,false,,nan,nan,nan,nan,2025-07-31,17:40:00,entregado,tarjeta,pagado,288.31,46.13,334.44,27.0,4.0,frecuente,False,a4e00d7e6aa8
765,1314,2025-12-04,página web,bebidas caliente,infusión de manzanilla,1,42.38,42.38,para llevar,false,,nan,nan,nan,nan,2026-01-27,13:40:00,entregado,pago en línea,pagado,148.34,23.73,172.07,9.0,5.0,frecuente,True,01d54579da44
1986,1801,2025-03-01,presencial mostrador,café frío,cold brew,3,58.38,175.14,en el lugar,false,19.0,zona de estudio,individual,nan,nan,2026-01-04,10:30:00,entregado,tarjeta,pagado,282.21,45.15,327.36,9.0,4.0,vip,False,2fca346db656
1273,1515,2025-03-01,presencial (mesero),bebidas frías,té helado,1,-38.98,38.98,para llevar,false,,nan,nan,nan,nan,2025-05-20,18:15:00,entregado,tarjeta,pagado,225.38,36.06,261.44,22.0,4.0,vip,False,e29c9c180c62
3101,2246,2025-05-06,presencial (mesero),repostería,,3,51.45,154.35,en el lugar,false,11.0,terraza,individual,nan,nan,2025-05-26,19:45:00,entregado,tarjeta,pagado,347.71,55.63,403.34,23.0,4.0,vip,False,79bf08685d31
1238,1502,2025-03-25,página web,repostería,pay de queso,3,47.32,141.96,para llevar,false,,nan,nan,nan,nan,2026-02-02,16:50:00,entregado,pago en línea,pagado,310.83,49.73,360.56,24.0,5.0,frecuente,True,0f8ef3377b30
2207,1891,2026-04-21,página web,repostería,croissant,2,27.77,55.54,en el lugar,false,9.0,barra,pareja,nan,nan,2026-05-16,12:15:00,en preparación,nan,pagado,301.73,48.28,350.01,15,6.0,recurrente,True,a0eaec5a55dc
355,1148,2026-07-20,página web,café frío,café helado,1,57.65,57.65,para llevar,false,,nan,nan,nan,nan,2026-08-19,15:00:00,entregado,nan,pagado,262.69,42.03,304.72,500.0,5.0,frecuente,True,4a44dc153642
403,1167,2026-01-28,presencial (mesero),repostería,pay de queso,3,51.81,155.43,en el lugar,false,17.0,barra,pareja,nan,nan,07-01-2026,15:00:00,en preparación,transferencia,pagado,463.55,74.17,537.72,15,,frecuente,False,2397346b4582
730,1299,2025-01-28,página web,bebidas calientes,chocolate caliente,2,25.06,50.12,en el lugar,false,4.0,salón principal,grupal,nan,nan,2026-06-15,14:55:00,entregado,pago en línea,pagado,409.38,65.5,474.88,15.0,4.0,vip,True,4b227777d4dd
71,1028,2025-05-15,página web,bebidas calientes,infusión de manzanilla,2,44.95,89.9,en el lugar,true,6.0,barra,grupal,2025-12-01,no_show,04 de december de 2025,12:50:00,entregado,pago en línea,pagado,457.6,73.22,530.82,43.0,4.0,vip,True,52f11620e397
1458,1590,2025-03-02,página web,café frío,café helado,3,47.66,142.98,para llevar,false,,nan,nan,nan,nan,2025-12-16,16:05:00,listo,pago en línea,pagado,312.43,49.99,362.42,-15.0,,frecuente,True,d59eced1ded0
1879,1763,2026-03-07,página web,café caliente,latte,2,48.62,97.24,para llevar,false,,nan,nan,nan,nan,2026-04-03,09:15:00,cancelado,pago en línea,pendiente,401.33,64.21,465.54,15,,vip,True,36ebe205bcdf
3700,2481,2025-08-21,página web,café frío,cold brew,500,45.16,135.48,para llevar,false,,nan,nan,nan,nan,2026-02-14,16:40:00,entregado,nan,pagado,452.91,72.47,525.38,45.0,5.0,frecuente,True,043066daf210
1925,1779,2026-03-09,página web,bebidas frías,limonada,500,20.52,61.56,en el lugar,false,15.0,terraza,pareja,nan,nan,2026-08-16,15:40:00,en preparación,pago en línea,pagado,378.62,60.58,439.2,15,,vip,True,e7f6c011776e
3677,2473,2025-10-22,página web,bebidas calientes,chocolate caliente,1,38.02,38.02,en el lugar,no,11.0,nan,individual,nan,nan,2026-07-22,11:30:00,entregao,pago en línea,pagado,251.91,40.31,292.22,24.0,3.0,vip,True,fa2b7af0a811
1498,1607,2026-07-29,presencial (mostrador),alimentos,ensalada césar,3,-63.23,189.69,en el lugar,false,13.0,zona de estudio,grupal,nan,nan,2026-08-04,13:10:00,listo,tarjeta,pagado,335.79,53.73,389.52,45.0,,frecuente,False,96061e92f58e
2335,1941,2026-07-28,página web,alimentos,bagel con queso crema,1,86.13,86.13,para llevar,false,,nan,nan,nan,nan,04 de august de 2026,15:15:00,entregado,pago en línea,pagado,245.48,39.28,284.76,15,3.0,vip,True,a88a7902cb4e
3016,2212,2025-11-03,página web,café caliente,latte,2,30.52,61.04,para llevar,false,,nan,nan,nan,nan,2026-07-10,20:35:00,cancelado,pago en línea,pendiente,298.22,47.72,345.94,15,,vip,True,d48ff4b2f68a
2544,2024,2025-07-22,presencial (mostrador),café frío,frappuccino de caramelo,1,63.37,63.37,en el lugar,false,15.0,barra,pareja,nan,nan,2025-10-05,14:10:00,entregado,efectivo,pagado,414.91,66.39,481.3,41.0,5.0,vip,False,80c3cd40fa35
2346,1946,2025-04-10,presencial (mostrador),bebidas calientes,infusión de manzanilla,1,32.54,32.54,para llevar,false,,nan,nan,nan,nan,2026-03-14,14:10:00,listo,transferencia,pagado,139.58,22.33,161.91,30.0,,recurrente,False,314f04b30f62
2020,1815,2026-07-03,página web,bebidas frías,té helado,3,26.3,78.9,en el lugar,false,18.0,terraza,grupal,nan,nan,2026-07-10,11:00:00,entregado,pago en línea,pagado,215.56,34.49,250.05,27.0,3.0,frecuente,True,9ae2bdd7beed
411,1169,2025-07-19,presencial (mostrador),bebidas frías,refresco de cola,3,35.72,107.16,para llevar,false,,nan,nan,nan,nan,10-18-2025,12:40:00,entregado,tarjeta,pagado,503.37,80.54,583.91,18.0,4.0,frecuente,False,37834f2f2576
2549,2025,2025-06-06,presencial (mesero),bebidas frías,limonada,3,29.49,88.47,en el lugar,true,1.0,zona de estudio,grupal,2026-01-09,completada,2026-01-12,18:40:00,entregado,nan,pagado,288.86,46.22,335.08,28.0,10.0,frecuente,False,6c658ee83fb7
167,1066,2025-02-22,presencial (mostrador),repostería,muffin de arándano,3,-28.58,85.74,para llevar,false,,nan,nan,nan,nan,29/07/2025,18:30:00,entregado,tarjeta,pagado,307.39,49.18,356.57,32.0,,frecuente,False,b8aed072d294
15,1006,2026-05-24,presencial (mostrador),bebidas frías,jugo de naranja,1,21.7,21.7,para llevar,false,,nan,nan,nan,nan,2026-08-13,07:05:00,entregado,nan,pagado,71.96,11.51,83.47,11.0,5.0,frecuente,False,16badfc6202c
2670,2074,2026-04-06,presencial (mostrador),bebidas frías,jugo de naranja,3,22.94,68.82,en el lugar,false,12.0,zona de estudio,grupal,nan,nan,2026-07-28,11:40:00,entregado,efectivo,pagado,384.12,61.46,445.58,20.0,5.0,frecuente,False,eb3be230bbd2
2417,1974,2025-12-13,página web,bebidas frías,té helado,2,27.55,55.1,para llevar,false,,nan,nan,nan,nan,2026-07-15,15:15:00,entregado,pago en línea,pagado,288.06,46.09,334.15,14.0,5.0,recurrente,True,c17edaae86e4
2828,2136,2026-05-16,presencial (mesero),bebidas calientes,té verde,1,33.8,33.8,para llevar,false,,nan,nan,nan,nan,2026-06-06,20:50:00,entregado,tarjeta,pagado,33.8,5.41,39.21,13.0,6.0,frecuente,False,ff5a1ae012af
2689,2081,2025-03-17,presencial (mostrador),alimentos,sandwich club,1,76.12,76.12,en el lugar,true,17.0,salón principal,individual,2026-01-12,cancelada,2026-01-14,07:25:00,entregado,tarjeta,pagado,504.6,80.74,585.34,15,4.0,frecuente,False,7ed8f0f3b707
3277,2319,2025-03-25,presencial (mesero),café caliente,nan,2,,109.58,para llevar,false,,nan,nan,nan,nan,2026-08-10,15:40:00,en preparación,tarjeta,pagado,435.75,69.72,505.47,15,,frecuente,False,3f9807cb9ae9
1212,1493,2026-07-31,presencial (mostrador),bebidas frías,sin dato,2,38.93,77.86,en el lugar,false,2.0,zona de estudio,individual,nan,nan,2026-08-07,14:05:00,en preparación,transferencia,pagado,77.86,12.46,90.32,15,,vip,False,ff2ccb6ba423
2179,1880,2025-11-21,presencial mesero,café frío,sin dato,3,39.88,119.64,para llevar,false,,nan,nan,nan,nan,2026-08-08,11:25:00,entregao,efectivo,pagado,205.4,32.86,238.26,22.0,-2.0,frecuente,False,3346f2bbf6c3
2168,1876,2025-04-23,presencial (mostrador),café frío,frappuccino de caramelo,1,36.39,36.39,en el lugar,true,19.0,salón principal,individual,2026-05-13,completada,2026-05-14,16:40:00,entregado,tarjeta,pagado,269.73,43.16,312.89,19.0,5.0,vip,False,535fa30d7e25
2150,1868,2025-09-29,presencial (mesero),café frío,frappuccino de caramelo,3,-52.85,158.55,para llevar,false,,nan,nan,nan,nan,08 de february de 2026,14:50:00,entregado,efectivo,pagado,285.56,45.69,331.25,33.0,5.0,vip,False,41cfc0d1f2d1
2474,1996,2026-02-22,página web,bebidas calientes,té verde,1,,31.59,para llevar,false,,nan,nan,nan,nan,2026-05-03,17:15:00,entregado,pago en línea,pagado,231.06,36.97,268.03,20.0,1.0,frecuente,True,9f1f9dce319c
2317,1933,2026-05-05,página web,repostería,dona glaseada,999,,49.54,en el lugar,true,12.0,salón principal,individual,2026-06-16,completada,2026-06-18,15:05:00,entregado,tarjeta,pagado,137.48,22.0,159.48,37.0,5.0,vip,True,c75de23d89df
237,1095,2026-02-17,página web,alimentos,bagel con queso crema,1,81.62,81.62,para llevar,false,,nan,nan,nan,nan,2026-03-11,15:35:00,entregado,pago en línea,pagado,305.36,48.86,354.22,34.0,5.0,vip,True,284de502c984
299,1125,2025-08-01,página web,bebidas calientes,té chai,3,38.11,114.33,para llevar,false,,nan,nan,nan,nan,2026-07-02,18:50:00,listo,transferencia,pagado,482.25,77.16,559.41,29.0,,frecuente,True,14063697603e
3288,2325,2025-11-18,presencial (mesero),alimentos,ensalada césar,3,89.86,269.58,para llevar,false,,nan,nan,nan,nan,2026-04-10,16:25:00,entregado,efectivo,pagado,407.17,65.15,472.32,25.0,4.0,frecuente,False,8b940be7fb78
415,1172,2026-07-21,página web,alimentos,bagel con queso crema,2,70.89,141.78,para llevar,false,,nan,nan,nan,nan,01-aug-26,10:50:00,cancelado,pago en línea,reembolsado,315.68,50.51,366.19,15,,frecuente,True,1d28c120568c
3366,2357,2025-12-05,página web,alimentos,nan,2,49.07,98.14,para llevar,false,,nan,nan,nan,nan,2026-08-08,16:45:00,listo,tarjeta,pagado,98.14,15.7,113.84,9.0,,frecuente,True,3d914f9348c9
3725,2490,2026-07-01,página web,bebidas calientes,té chai,2,43.93,87.86,en el lugar,1,8.0,terraza,grupal,2026-07-14,completada,14-jul-26,07:05:00,en preparación,pago en línea,pagado,254.5,40.72,295.22,15,,vip,True,89aa1e580023
2476,1997,2026-06-16,página web,alimntos,ensalada césar,1,59.17,59.17,para llevar,false,,nan,nan,nan,nan,2026-07-19,19:50:00,entregado,pago en línea,pagado,325.98,52.16,378.14,9.0,5.0,vip,True,dac53c17c250
2723,2093,2026-04-30,presencial (mesero),bebidas calientes,té chai,1,41.46,41.46,en el lugar,false,7.0,terraza,pareja,nan,nan,2026-08-18,15:50:00,listo,tarjeta,pagado,233.93,37.43,271.36,28.0,,frecuente,False,6566230e3a3c
1107,1450,2026-06-26,página web,bebidas frías,jugo de naranja,3,21.99,65.97,en el lugar,n,3.0,terraza,individual,nan,nan,05/08/2026,11:55:00,entregado,pago en línea,pagado,375.39,60.06,435.45,38.0,5.0,vip,True,3ada92f28b4c
2979,2198,2025-11-18,página web,alimentos,ensalada césar,999,77.36,77.36,para llevar,no,,nan,nan,nan,nan,2026-06-03,17:35:00,entregado,nan,pagado,279.07,44.65,323.72,27.0,3.0,frecuente,True,1da51b8d8ff9
1729,1701,2025-08-20,presencial (mostrador),café caliente,espresso,3,,138.21,para llevar,false,,nan,nan,nan,nan,2025-09-08,11:55:00,entregado,efectivo,pagado,548.17,87.71,635.88,17.0,,frecuente,False,0e6523810856
1692,1687,2025-07-16,página web,café frío,café helado,3,,114.66,para llevar,false,,nan,nan,nan,nan,2026-03-21,08:05:00,entregado,pago en línea,pagado,210.78,33.72,244.5,22.0,5.0,frecuente,True,4fc82b26aecb
180,1071,2026-05-30,presencial (mostrador),bebidas caliente,infusión de manzanilla,2,40.78,81.56,para llevar,false,,nan,nan,nan,nan,2026-06-07,20:30:00,entregado,tarjeta,pagado,245.81,39.33,285.14,40.0,5.0,vip,False,5a39cadd1b00
3451,2389,2025-09-30,presencial (mostrador),alimentos,bagel con queso crema,1,47.75,47.75,para llevar,false,,nan,nan,nan,nan,2025-10-25,09:15:00,entregado,tarjeta,pagado,178.9,28.62,207.52,15,5.0,vip,False,f57e5cb1f453
1323,1535,2026-04-01,página web,bebidas frías,agua mineral,3,,90.99,en el lugar,false,1.0,zona de estudio,grupal,nan,nan,2026-04-25,20:40:00,listo,nan,pagado,190.98,30.56,221.54,11.0,,frecuente,True,f0bc318fb896
2398,1967,2026-02-19,página web,alimentos,sandwich club,2,91.31,182.62,en el lugar,true,17.0,terraza,grupal,2026-05-14,completada,2026-05-14,17:55:00,entregado,pago en línea,pagado,524.52,83.92,608.44,14.0,2.0,vip,True,0a5b046d07f6
1753,1709,2025-03-12,presencial (mostrador),café caliente,americano,2,53.77,107.54,en el lugar,true,11.0,barra,grupal,27-jun-26,pendiente,2026-06-29,17:30:00,listo,transferencia,pagado,176.88,28.3,205.18,10.0,,frecuente,False,a68b412c4282
1469,1593,2025-02-16,presencial mostrador,repostería,croissant,3,28.5,85.5,en el lugar,true,17.0,terraza,grupal,2025-09-05,completada,2025-09-07,18:55:00,entregado,transferencia,pagado,145.8,23.33,169.13,35.0,4.0,frecuente,False,138d9e809e38
2824,2134,2025-05-22,presencial (mesero),café frio,frappuccino de caramelo,2,58.38,116.76,en el lugar,true,19.0,barra,grupal,2026-06-03,completada,2026-06-03,08:40:00,entregado,efectivo,pagado,388.41,62.15,450.56,22.0,4.0,frecuente,False,b1556dea32e9
1211,1492,2026-08-03,página web,café frío,cold brew,3,51.41,154.23,para llevar,false,,nan,nan,nan,nan,2026-08-18,11:50:00,entregado,pago en línea,pagado,154.23,24.68,178.91,11.0,5.0,frecuente,True,83f814f7a92e
3129,2260,2026-05-12,página web,cafe caliente,nan,1,37.55,37.55,para llevar,false,,nan,nan,nan,nan,2026-07-10,18:40:00,entregado,pago en línea,pagado,37.55,6.01,43.56,14.0,5.0,frecuente,True,9bdb2af67992
1938,1783,2026-06-28,presencial (mesero),bebidas frías,limonada,1,37.37,37.37,para llevar,false,,nan,nan,nan,nan,03-jul-26,17:50:00,listo,transferencia,pagado,284.41,45.51,329.92,40.0,,frecuente,False,624b60c58c9d
197,1079,2026-03-10,página web,repostería,pay de queso,1,46.68,46.68,para llevar,false,,nan,nan,nan,nan,2026-04-25,12:55:00,entregado,pago en línea,pagado,294.94,47.19,342.13,32.0,5.0,frecuente,True,7f2253d7e228
1176,1479,2025-09-29,página web,repostería,muffin de arándano,1,45.9,45.9,en el lugar,true,2.0,barra,pareja,2025-12-10,cancelada,2025-12-11,18:15:00,entregado,pago en línea,pagado,45.9,7.34,53.24,28.0,4.0,vip,True,41cfc0d1f2d1
1745,1706,2026-02-04,página web,café frío,café helado,2,35.96,71.92,en el lugar,false,20.0,zona de estudio,individual,nan,nan,2026-06-09,08:20:00,entregado,pago en línea,pagado,233.1,37.3,270.4,27.0,2.0,frecuente,True,2ac878b0e218
2245,1905,2025-03-07,página web,alimento,sandwich club,999,60.69,60.69,en el lugar,true,2.0,zona de estudio,grupal,2025-08-03,completada,2025-08-06,07:50:00,listo,pago en línea,pagado,275.13,44.02,319.15,12.0,0.0,frecuente,True,766cb53c753b
472,1193,2025-03-04,página web,café caliente,café de olla,2,51.13,102.26,en el lugar,false,18.0,salón principal,individual,nan,nan,2026-01-29,18:35:00,entregado,pago en línea,pagado,229.17,36.67,265.84,15,4.0,vip,True,811786ad1ae7
3371,2360,2026-05-27,página web,bebidas calientes,chocolate caliente,3,41.86,125.58,para llevar,false,,nan,nan,nan,nan,2026-06-03,07:30:00,en preparación,pago en línea,pagado,453.89,72.62,526.51,15,,frecuente,True,9400f1b21cb5
3436,2384,2026-08-06,página web,bebidas calientes,té verde,1,33.97,33.97,para llevar,false,,nan,nan,nan,nan,2026-06-09,07:50:00,en preparación,pago en línea,pagado,120.89,19.34,140.23,15,,frecuente,True,d6d824abba4a
1591,1648,2026-03-17,página web,café frío,frappuccino de caramelo,2,59.11,118.22,en el lugar,true,2.0,zona de estudio,individual,2026-08-19,pendiente,2026-08-19,18:35:00,listo,pago en línea,pagado,255.17,40.83,296.0,18.0,,vip,True,f369cb89fc62
1412,1570,2026-06-17,presencial (mostrador),bebidas frías,agua mineral,1,39.03,39.03,para llevar,false,,nan,nan,nan,nan,2026-08-11,20:05:00,entregado,transferencia,pagado,346.13,55.38,401.51,43.0,5.0,frecuente,False,69f59c273b6e
51,1022,2025-06-19,presencial (mostrador),repostería,pay de queso,1,25.05,25.05,para llevar,false,,nan,nan,nan,nan,2025-07-21,08:35:00,entregado,efectivo,pagado,159.96,25.59,185.55,41.0,4.0,frecuente,False,2abaca4911e6
1515,1615,2025-04-28,pagina web,café  frío,frappé de café,2,49.93,99.86,en el lugar,true,20.0,terraza,grupal,2026-04-24,cancelada,2026-04-24,20:10:00,entregado,nan,pagado,293.31,46.93,340.24,15,6.0,frecuente,True,5f9c4ab08cac
512,1213,2025-08-08,presencial (mostrador),bebidas calientes,té verde,2,28.68,57.36,para llevar,false,,nan,nan,nan,nan,2026-06-09,10:15:00,entregado,tarjeta,pagado,116.12,18.58,134.7,18.0,4.0,frecuente,False,73475cb40a56
322,1136,2025-12-27,página web,bebidas calientes,té chai,3,26.9,80.7,para llevar,false,,nan,nan,nan,nan,2026-04-22,11:20:00,entregado,pago en línea,pagado,239.52,38.32,277.84,36.0,5.0,frecuente,True,ec2e990b934d
2722,2092,2025-07-12,página web,alimentos,sandwich club,2,68.8,137.6,para llevar,false,,nan,nan,nan,nan,2026-04-25,07:25:00,entregado,pago en línea,pagado,441.2,70.59,511.79,11.0,5.0,frecuente,True,bfa7634640c5
2010,1811,2025-07-23,presencial (mostrador),café frío,frappé de café,1,61.05,61.05,en el lugar,true,1.0,barra,grupal,2026-05-02,completada,2026-05-03,07:05:00,entregado,efectivo,pagado,274.1,43.86,317.96,15,4.0,frecuente,False,802b906a1859
3461,2393,2026-07-22,página web,café caliente,latte,1,39.77,39.77,en el lugar,false,18.0,zona de estudio,grupal,nan,nan,2026-07-25,18:30:00,entregado,pago en línea,pagado,39.77,6.36,46.13,26.0,5.0,frecuente,True,0b918943df09
2283,1918,2025-01-21,presencial (mostrador),bebidas frías,agua mineral,2,23.78,47.56,para llevar,false,,nan,nan,nan,nan,2026-01-20,15:55:00,entregado,transferencia,pagado,390.74,62.52,453.26,12.0,5.0,frecuente,False,2747b7c71856
924,1373,2025-02-14,presencial (mesero),café caliente,café de olla,3,49.38,148.14,para llevar,false,,nan,nan,nan,nan,2025-10-15,18:45:00,en preparación,efectivo,pagado,365.74,58.52,424.26,15,,vip,False,1e472b39b105
1695,1688,2025-06-16,presencial (mostrador),café frío,frappuccino de caramelo,1,48.1,48.1,para llevar,false,,nan,nan,nan,nan,2025-08-06,20:05:00,entregado,tarjeta,pagado,333.87,53.42,387.29,32.0,4.0,frecuente,False,349c41201b62
1160,1473,2026-01-25,página web,café frio,frappé de café,999,54.98,109.96,para llevar,false,,nan,nan,nan,nan,2026-08-02,11:55:00,entregado,nan,pagado,354.08,56.65,410.73,38.0,,frecuente,True,bb668ca95563
1063,1434,2025-10-04,presencial (mesero),alimentos,bagel con queso crema,3,83.27,249.81,para llevar,false,,nan,nan,nan,nan,2025-11-10,14:45:00,entregado,efectivo,pagado,336.55,53.85,390.4,41.0,5.0,frecuente,False,d6a403173361
1462,1591,2026-07-05,página web,repostería,brownie,2,40.4,80.8,en el lugar,true,11.0,terraza,grupal,2026-07-02,completada,2026-07-05,09:50:00,entregado,pago en línea,pagado,278.18,44.51,322.69,37.0,3.0,frecuente,True,da4ea2a5506f
2078,1837,2026-01-03,presencial (mostrador),bebidas calientes,chocolate caliente,3,32.37,97.11,en el lugar,true,14.0,zona de estudio,grupal,2026-05-15,no_show,2026-05-18,11:15:00,entregado,tarjeta,pagado,293.68,46.99,340.67,24.0,5.0,frecuente,False,2c624232cdd2
872,1353,2026-01-15,presencial(mostrador),bebidas frías,refresco de cola,1,-32.76,32.76,en el lugar,true,13.0,zona de estudio,pareja,2026-07-17,completada,2026-07-20,08:35:00,listo,transferencia,pagado,271.8,43.49,315.29,32.0,,frecuente,False,8527a891e224
1026,1419,2026-01-02,presencial (mesero),café frío,café helado,1,55.9,55.9,en el lugar,true,4.0,barra,individual,2026-08-15,completada,2026-08-18,19:40:00,en preparación,transferencia,pagado,55.9,8.94,64.84,15,,frecuente,False,f74efabef12e
3604,2447,2026-07-04,presencial (mesero),bebidas frias,té helado,3,30.92,92.76,para llevar,false,,nan,nan,nan,nan,2026-08-06,17:25:00,entregado,transferencia,pagado,443.72,71.0,514.72,39.0,4.0,vip,False,dfe62e836a0a
2313,1932,2026-03-15,web,alimentos,bagel con queso crema,3,58.4,175.2,en el lugar,true,15.0,barra,pareja,2026-07-21,nan,2026-07-22,17:25:00,entregado,pago en línea,pagado,306.27,49.0,355.27,33.0,5.0,vip,True,13671077b66a
3072,2233,2025-02-11,presencial (mesero),repostería,concha,3,43.7,131.1,en el lugar,true,3.0,zona de estudio,individual,2025-08-19,completada,2025-08-22,15:25:00,en preparación,tarjeta,pagado,339.28,54.28,393.56,15,,frecuente,False,922c7954216c
2269,1913,2025-10-07,presencial (mostrador),bebidas frías,jugo de naranja,2,36.81,73.62,para llevar,false,,nan,nan,nan,nan,2025-09-30,14:30:00,entregado,nan,pagado,266.57,42.65,309.22,27.0,5.0,vip,False,c837649cce43
2974,2195,2025-04-29,página web,bebidas calientes,infusión de manzanilla,2,44.48,88.96,para llevar,false,,nan,nan,nan,nan,2026-05-27,08:20:00,listo,pago en línea,pagado,330.24,52.84,383.08,29.0,,frecuente,True,835d5e831434
1024,1418,2025-11-29,página web,alimentos,bagel con queso crema,3,71.68,215.04,en el lugar,true,4.0,salón principal,grupal,2026-06-07,completada,2026-06-07,10:50:00,cancelado,efectivo,pendiente,477.65,76.42,554.07,15,,frecuente,True,4523540f1504
3735,2494,2025-07-31,presencial (mostrador),bebidas calientes,chocolate caliente,500,31.0,93.0,en el lugar,true,2.0,salón principal,individual,2025-09-15,completada,2025-09-16,11:25:00,entregado,transferencia,pagado,235.79,37.73,273.52,13.0,5.0,frecuente,False,28dae7c8bde2
2125,1856,2025-09-26,página web,cafe frio,cold brew,2,43.35,86.7,en el lugar,true,1.0,terraza,grupal,2025-11-29,completada,2025-11-29,07:45:00,entregado,tarjeta,pagado,306.65,49.06,355.71,41.0,5.0,vip,True,872261620421
2006,1810,2025-01-02,presencial (mostrador),café caliente,americano,2,50.59,101.18,para llevar,false,,sin dato,nan,nan,nan,2026-01-14,13:20:00,entregado,tarjeta,pagado,309.0,49.44,358.44,10.0,5.0,frecuente,False,580811fa9526
1675,1678,2026-04-10,presencial (mostrador),bebidas frías,refresco de cola,3,32.92,98.76,en el lugar,true,8.0,zona de estudio,pareja,22/05/2026,cancelada,2026-05-22,10:50:00,entregado,tarjeta,pagado,327.27,52.36,379.63,39.0,4.0,frecuente,False,73d3f1ba0625
212,1085,2025-10-18,presencial (mostrador),bebidas calientes,té verde,2,28.18,56.36,en el lugar,true,6.0,barra,pareja,2025-11-11,pendiente,2025-11-11,07:05:00,entregado,transferencia,pagado,104.27,16.68,120.95,18.0,5.0,vip,False,29db0c6782db
1587,1645,2025-06-11,página web,repostería,pay de queso,2,41.27,82.54,para llevar,false,,nan,nan,nan,nan,2025-12-11,18:35:00,entregado,pago en línea,pagado,155.1,24.82,179.92,33.0,2.0,frecuente,True,7688b6ef5255
1996,1805,2026-07-25,página web,bebidas frías,-,1,39.64,39.64,en el lugar,true,3.0,zona de estudio,individual,2026-08-15,completada,2026-08-18,15:05:00,entregado,pago en línea,pagado,39.64,6.34,45.98,32.0,,frecuente,True,1253e9373e78
2187,1883,2025-10-14,página web,bebidas caliente,chocolate caliente,1,-44.81,44.81,en el lugar,true,12.0,barra,grupal,2026-04-08,completada,2026-04-08,18:45:00,entregado,pago en línea,pagado,44.81,7.17,51.98,12.0,5.0,frecuente,True,d4ee9f58e586
1245,1504,2025-02-09,presencial (mostrador),café caliente,capuchino,3,44.39,133.17,en el lugar,true,11.0,zona de estudio,grupal,2025-05-28,completada,2025-05-31,08:40:00,entregado,tarjeta,pagado,251.43,40.23,291.66,26.0,4.0,frecuente,False,5316ca1c5ddc
502,1209,2025-10-12,página web,bebidas frias,agua mineral,3,36.24,108.72,para llevar,false,,nan,nan,nan,nan,2025-11-01,10:40:00,listo,nan,pagado,229.44,36.71,266.15,22.0,,frecuente,True,3fdba35f04dc
91,1035,2026-01-20,página web,cafe caliente,latte,3,31.62,94.86,para llevar,false,,nan,nan,nan,nan,2026-03-22,10:45:00,entregado,transferencia,pagado,280.81,44.93,325.74,26.0,5.0,frecuente,True,dbb1ded63bc7
3684,2475,2025-08-14,presencial (mostrador),café caliente,latte,1,32.95,32.95,en el lugar,true,13.0,terraza,pareja,2026-04-10,completada,2026-04-11,17:20:00,en preparación,efectivo,pagado,275.95,44.15,320.1,15,,frecuente,False,ef2d127de37b
762,1313,2025-09-14,presencial (mostrador),repostería,brownie,1,50.34,50.34,en el lugar,true,15.0,salón principal,individual,18-jan-26,completada,2026-01-21,12:20:00,entregado,transferencia,pagado,146.66,23.47,170.13,24.0,5.0,frecuente,False,4a8596a7790b
568,1237,2026-07-12,página web,café frío,frappé de café,3,39.12,117.36,para llevar,false,,nan,nan,nan,nan,2026-07-30,20:50:00,entregado,pago en línea,pagado,498.1,79.7,577.8,15,3.0,frecuente,True,8ae4c23b80d1
2016,1814,2026-08-06,página web,café caliente,espresso,1,29.55,29.55,para llevar,false,,sin dato,nan,nan,nan,2026-08-19,09:05:00,entregado,pago en línea,pagado,297.49,47.6,345.09,37.0,4.0,vip,True,734d0759cdb4
1704,1690,2026-03-30,página web,bebidas calientes,chocolate caliente,1,41.92,41.92,para llevar,false,,nan,nan,nan,nan,2026-06-26,12:30:00,entregado,pago en línea,pagado,252.03,40.32,292.35,18.0,5.0,frecuente,True,98010bd9270f
599,1248,2026-07-26,presencial (mesero),bebidas calientes,té chai,2,35.8,71.6,para llevar,false,,nan,nan,nan,nan,2026-08-19,14:00:00,entregado,efectivo,pagado,463.04,74.09,537.13,42.0,5.0,vip,False,a512db2741cd
1053,1431,2026-04-17,presencial (mostrador),repostería,muffin de arándano,2,42.3,84.6,para llevar,false,,nan,nan,nan,nan,2026-06-13,18:35:00,entregado,transferencia,pagado,348.07,55.69,403.76,29.0,4.0,vip,False,a46e37632fa6
3128,2259,2025-09-25,página web,bebidas calientes,infusión de manzanilla,3,44.81,134.43,para llevar,false,,nan,nan,nan,nan,2026-08-17,13:15:00,entregado,nan,pagado,134.43,21.51,155.94,8.0,5.0,frecuente,True,39fa9ec190ee
3186,2286,2025-03-31,página web,bebidas frías,limonada,2,31.09,62.18,en el lugar,false,14.0,???,grupal,nan,nan,2025-07-15,14:25:00,entregado,pago en línea,pagado,164.75,26.36,191.11,29.0,5.0,recurrente,True,d4735e3a265e
3339,2345,2026-03-31,página web,café frío,frappuccino de caramelo,3,47.87,143.61,en el lugar,true,14.0,salón principal,grupal,2026/05/06,cancelada,2026-05-09,13:00:00,en preparación,nan,pagado,143.61,22.98,166.59,15,,vip,True,5cf4e26bd3d8
1922,1777,2026-01-26,página web,bebidas frias,té helado,1,39.06,39.06,en el lugar,false,6.0,nan,grupal,nan,nan,2026-07-20,11:30:00,entregado,pago en línea,pagado,156.59,25.05,181.64,22.0,2.0,vip,True,d86580a57f7b
1537,1623,2025-09-01,página web,café frío,frappuccino de caramelo,2,53.46,106.92,para llevar,false,,nan,nan,nan,nan,2026-04-29,14:05:00,entregado,pago en línea,pagado,106.92,17.11,124.03,36.0,4.0,frecuente,True,37c20f19f327
3499,2410,2025-06-08,página web,café frío,frappé de café,1,50.47,50.47,en el lugar,false,10.0,terraza,individual,nan,nan,2025-11-10,18:35:00,entregado,pago en línea,pagado,50.47,8.08,58.55,43.0,2.0,frecuente,True,43974ed74066
818,1333,2025-09-29,página web,café caliente,capuchino,2,-39.8,79.6,para llevar,false,,nan,nan,nan,nan,2025-11-29,17:40:00,listo,nan,pagado,23664.318093698705,63.28,9615.202657691085,15.0,,frecuente,True,f5ca38f748a1
2523,2015,2026-04-12,página web,alimentos,panini de jamón y queso,2,72.57,145.14,en el lugar,true,6.0,zona de estudio,grupal,2026-07-12,completada,2026-07-14,19:25:00,listo,pago en línea,pagado,447.0,71.52,518.52,30.0,,vip,True,1dfacb2ea5a0
394,1164,2025-06-25,página web,café  frío,café helado,3,62.67,188.01,en el lugar,true,2.0,salón principal,grupal,2026-02-24,completada,2026-02-25,10:45:00,entregao,efectivo,pagado,188.01,30.08,218.09,44.0,2.0,vip,True,e629fa6598d7
3089,2239,2025-01-18,página web,alimentos,panini de jamón y queso,3,63.25,189.75,en el lugar,false,12.0,barra,grupal,nan,nan,2026-06-20,10:20:00,entregado,pago en línea,pagado,536.89,85.9,622.79,15,6.0,frecuente,True,be47addbcb8f
2258,1910,2025-06-06,presencial (mostrador),alimentos,panini de jamón y queso,1,58.61,58.61,en el lugar,true,4.0,salón principal,individual,2026-02-22,completada,2026-02-23,17:55:00,entregado,efectivo,pagado,131.25,21.0,152.25,43.0,5.0,frecuente,False,d80eae6e96d1
3092,2240,2026-03-23,página web,café caliente,capuchino,1,54.85,54.85,en el lugar,false,10.0,salón principal,grupal,nan,nan,2026-07-05,19:45:00,entregado,pago en línea,pagado,176.11,28.18,204.29,33.0,4.0,frecuente,True,cba28b89eb85
1484,1601,2025-03-07,presencial (mostrador),bebidas calientes,infusión de manzanilla,2,38.38,76.76,en el lugar,false,14.0,barra,grupal,nan,nan,2025-06-12,08:15:00,listo,tarjeta,pagado,308.93,49.43,358.36,37.0,,frecuente,False,aea92132c4cb
1905,1773,2025-04-27,presencial (mesero),repostería,muffin de arándano,2,59.82,119.64,para llevar,false,,nan,nan,nan,nan,2025-10-09,07:10:00,entregado,efectivo,pagado,26124.689168320427,69.86,10614.908762516634,19.0,4.0,frecuente,False,38b2d03f3256
1988,1802,2026-03-16,página web,bebidas frías,refresco de cola,1,21.86,21.86,en el lugar,false,7.0,terraza,grupal,nan,nan,2026-04-08,11:15:00,listo,transferencia,pagado,155.76,24.92,180.68,37.0,,frecuente,True,79d6eaa26761
1085,1443,2026-04-25,presencial (mesero),café frío,frappé de café,1,39.64,39.64,para llevar,false,,nan,nan,nan,nan,2026-06-29,20:45:00,entregado,transferencia,pagado,236.9,37.9,274.8,15,5.0,recurrente,False,b7a56873cd77
2892,2162,2025-08-14,página web,café caliente,americano,2,45.31,90.62,en el lugar,false,13.0,barra,grupal,nan,nan,2025-12-19,09:20:00,entregado,pago en línea,pagado,411.76,65.88,477.64,44.0,5.0,frecuente,True,85daaf6f7055
367,1152,2026-05-28,presencial (mostrador),bebidas calientes,té verde,2,,51.52,en el lugar,false,14.0,terraza,grupal,nan,nan,2026-06-10,10:40:00,entregado,efectivo,pagado,299.35,47.9,347.25,32.0,5.0,vip,False,59e19706d51d
3209,2295,2025-05-12,presencial (mesero),bebidas calientes,infusión de manzanilla,2,29.31,58.62,para llevar,false,,nan,nan,nan,nan,2025-11-07,15:30:00,entregado,tarjeta,pagado,452.4,72.38,524.78,22.0,4.0,frecuente,False,86e501496586
2026,1816,2025-05-04,presencial (mesero),alimentos,ensalada césar,2,92.63,185.26,en el lugar,true,20.0,barra,grupal,2026-03-30,completada,2026-03-31,20:45:00,entregado,transferencia,pagado,525.26,84.04,609.3,19.0,5.0,frecuente,False,5d389f5e2e34
458,1187,2025-08-21,presencial (mostrador),café frío,frappé de café,1,43.46,43.46,para llevar,false,,nan,nan,nan,nan,2026-01-07,18:45:00,entregado,transferencia,pagado,2600.382463595817,6.95,1056.502824827167,8.0,4.0,frecuente,False,f8809aff4d69
1174,1478,2026-02-15,página web,repostería,muffin de arándano,1,52.48,52.48,en el lugar,true,16.0,zona de estudio,individual,2026-02-15,completada,02-18-2026,14:00:00,listo,pago en línea,pagado,121.78,19.48,141.26,15,,vip,True,4ec9599fc203
1165,1474,2026-07-18,pagina web,bebidas frías,agua mineral,2,33.27,66.54,en el lugar,false,17.0,salón principal,individual,nan,nan,2026-07-25,07:00:00,listo,pago en línea,pagado,353.2,56.51,409.71,29.0,,frecuente,True,3068430da9e4
3749,2498,2025-04-20,presencial (mostrador),bebidas frías,jugo de naranja,3,34.23,102.69,en el lugar,false,17.0,terraza,individual,nan,nan,2025-07-06,07:10:00,entregado,tarjeta,pagado,214.49,34.32,248.81,15,5.0,frecuente,False,a21855da08cb
185,1074,2025-09-23,presencial (mesero),bebidas calientes,chocolate caliente,2,31.97,63.94,para llevar,false,,nan,nan,nan,nan,2026-06-06,09:25:00,entregado,efectivo,pagado,3825.781286753717,10.23,1554.4696393063075,21.0,,frecuente,False,0fd42b3f73c4
1230,1499,2025-09-09,presencial (mostrador),café frío,cold brew,1,-46.38,46.38,en el lugar,false,1.0,barra,individual,nan,nan,2025-09-27,10:55:00,entregado,nan,pagado,389.07,62.25,451.32,10.0,4.0,frecuente,False,8d27ba37c5d8
3311,2332,2026-05-10,página web,repostería,concha,1,48.32,48.32,para llevar,false,,nan,nan,nan,nan,2026-05-27,08:10:00,entregado,pago en línea,pagado,538.34,86.13,624.47,12.0,4.0,frecuente,True,7045d16ae7f0
1004,1408,2025-11-22,página web,bebidas calientes,infusión de manzanilla,2,,58.7,en el lugar,false,4.0,zona de estudio,pareja,nan,nan,2026-01-18,12:50:00,entregado,nan,pagado,58.7,9.39,68.09,40.0,2.0,frecuente,True,8bcbb4c131df
1136,1462,2025-05-11,presencial (mesero),café frío,frappé de café,2,59.08,118.16,en el lugar,true,9.0,terraza,grupal,2025-06-10,completada,2025-06-13,13:20:00,entregado,tarjeta,pagado,212.67,34.03,246.7,18.0,5.0,frecuente,False,6e4001871c0c
1613,1657,2025-09-24,presencial (mostrador),alimentos,sandwich club,1,47.11,47.11,para llevar,false,,nan,nan,nan,nan,2026-01-24,07:50:00,entregado,transferencia,pagado,238.0,38.08,276.08,32.0,5.0,recurrente,False,a665a4592042
271,1111,2025-02-21,presencial (mesero),alimentos,bagel con queso crema,1,47.68,47.68,en el lugar,false,3.0,zona de estudio,grupal,nan,nan,2025/08/14,13:10:00,cancelado,tarjeta,pendiente,259.11,41.46,300.57,15,,frecuente,False,02d20bbd7e39
466,1191,2026-01-25,página web,cafè caliente,capuchino,3,45.4,136.2,para llevar,false,,nan,nan,nan,nan,30-apr-26,19:05:00,entregado,pago en línea,pagado,8149.38084541533,21.79,3311.18590149661,14.0,4.0,frecuente,True,e5b861a6d8a9
2820,2133,2025-10-28,presencial (mostrador),bebidas frías,refresco de cola,3,33.63,100.89,en el lugar,true,17.0,barra,individual,2025-11-27,cancelada,2025-11-30,12:35:00,entregado,tarjeta,pagado,385.36,61.66,447.02,29.0,4.0,frecuente,False,670671cd9740
2351,1948,2025-03-24,página web,alimentos,panini de jamón y queso,2,69.22,138.44,para llevar,false,,nan,nan,nan,nan,2025-08-10,16:45:00,entregado,pago en línea,pagado,423.43,67.75,491.18,44.0,5.0,frecuente,True,68519a9eca55
3696,2480,2026-03-25,presencial (mostrador),café caliente,americano,2,44.89,89.78,para llevar,false,,nan,nan,nan,nan,2026-04-11,15:30:00,entregado,tarjeta,pagado,299.46,47.91,347.37,27.0,5.0,frecuente,False,7a61b53701be
2621,2055,2025-09-12,presencial (mesero),bebidas calientes,infusión de manzanilla,3,28.46,85.38,para llevar,false,,nan,nan,nan,nan,2025-12-05,12:20:00,entregado,nan,pagado,223.42,35.75,259.17,29.0,4.0,vip,False,25fc0e7096fc
1259,1511,2025-01-01,página web,alimentos,bagel con queso crema,3,81.67,245.01,en el lugar,false,19.0,terraza,grupal,nan,nan,05-sep-25,18:20:00,entregado,pago en línea,pagado,567.0,90.72,657.72,8.0,,frecuente,True,ad48ff99415b
2465,1993,2025-02-06,página web,café caliente,café de olla,2,42.01,84.02,en el lugar,false,5.0,terraza,pareja,nan,nan,2025-07-28,08:10:00,en preparación,pago en línea,pagado,120.85,19.34,140.19,15,,frecuente,True,fc56dbc6d465
1045,1428,2026-06-10,página web,bebidas calientes,infusión de manzanilla,1,38.74,38.74,para llevar,false,,nan,nan,nan,nan,2026-06-28,07:15:00,entregado,pago en línea,pagado,73.58,11.77,85.35,26.0,5.0,frecuente,True,9f484139a274
3541,2425,2026-03-15,presencial (mesero),bebidas caliente,infusión de manzanilla,1,34.56,34.56,en el lugar,true,18.0,salón principal,grupal,2026-07-23,completada,2026-07-24,08:10:00,entregado,tarjeta,pagado,34.56,5.53,40.09,21.0,4.0,frecuente,False,1be00341082e
1903,1772,2025-07-06,presencial (mesero),alimentos,sandwich club,1,89.57,89.57,para llevar,false,,???,nan,nan,nan,2025-11-04,20:40:00,entregado,transferencia,pagado,331.55,53.05,384.6,45.0,,frecuente,False,2c7d5490e605
319,1135,2025-08-13,presencial (mesero),café caliente,café de olla,3,46.06,138.18,en el lugar,false,12.0,barra,pareja,nan,nan,2025-11-22,16:15:00,entregado,transferencia,pagado,379.88,60.78,440.66,22.0,2.0,vip,False,785f3ec7eb32
221,1088,2025-04-16,página web,repostería,dona glaseada,2,26.91,53.82,en el lugar,false,20.0,zona de estudio,grupal,nan,nan,2025-08-20,11:50:00,entregado,pago en línea,pagado,251.0,40.16,291.16,41.0,4.0,frecuente,True,210e3b160c35
27,1012,2025-07-03,presencial (mostrador),alimentos,panini de jamón y queso,2,76.57,153.14,en el lugar,false,15.0,zona de estudio,grupal,nan,nan,2025-10-01,19:50:00,entregado,tarjeta,pagado,153.14,24.5,177.64,30.0,4.0,vip,False,98a3ab7c340e
1538,1624,2025-12-29,presencial (mostrador),repostería,croissant,1,37.25,37.25,en el lugar,false,7.0,zona de estudio,individual,nan,nan,2026-05-30,19:00:00,entregado,efectivo,pagado,234.5,37.52,272.02,36.0,5.0,vip,False,71ee45a3c0db
215,1086,2025-09-06,página web,café caliente,latte,2,46.74,93.48,en el lugar,true,3.0,terraza,individual,2025-10-01,completada,2025-10-02,13:50:00,entregado,pago en línea,pagado,352.68,56.43,409.11,16.0,5.0,frecuente,True,d2f483672c02
2120,1854,2025-11-20,página web,café frío,-,3,,113.7,en el lugar,false,4.0,barra,pareja,nan,nan,2025-12-27,19:35:00,entregado,pago en línea,pagado,306.45,49.03,355.48,15,4.0,frecuente,True,81b8a03f97e8
2898,2164,2025-01-22,presencial (mostrador),alimentos,sandwich club,1,-72.8,72.8,en el lugar,true,13.0,terraza,pareja,2025-04-21,cancelada,22 de april de 2025,07:15:00,listo,efectivo,pagado,215.17,34.43,249.6,16.0,,frecuente,False,6af1f692e949
2593,2043,2025-12-27,presencial (mostrador),café frío,sin dato,3,53.85,161.55,para llevar,false,,nan,nan,nan,nan,2026/04/30,16:35:00,entregado,efectivo,pagado,388.25,62.12,450.37,15.0,2.0,frecuente,False,5966abd0cbfc
2190,1885,2025-06-08,página web,alimentos,panini de jamón y queso,3,68.03,204.09,en el lugar,false,14.0,nan,individual,nan,nan,2025-08-30,09:45:00,entregado,pago en línea,pagado,371.13,59.38,430.51,27.0,5.0,frecuente,True,2858dcd1057d
3083,2238,2025-10-09,página web,café frío,café helado,3,44.91,134.73,en el lugar,false,16.0,salón principal,pareja,nan,nan,2026-05-05,17:35:00,entregado,pago en línea,pagado,361.11,57.78,418.89,25.0,4.0,recurrente,True,6b86b273ff34
1139,1464,2025-06-28,presencial (mostrador),repostería,muffin de arándano,2,51.38,102.76,para llevar,false,,nan,nan,nan,nan,2026-03-25,07:25:00,entregado,tarjeta,pagado,387.69,62.03,449.72,39.0,1.0,frecuente,False,e3d6c4d4599e
3487,2405,2026-05-26,página web,café frío,frappé de café,2,38.89,77.78,para llevar,false,,nan,nan,nan,nan,2026-06-14,15:45:00,entregado,nan,pagado,309.53,49.52,359.05,36.0,4.0,frecuente,True,d6061bbee6cf
734,1302,2026-01-25,página web,repostería,dona glaseada,2,42.3,84.6,en el lugar,false,15.0,barra,individual,nan,nan,2026-03-09,16:05:00,entregado,pago en línea,pagado,386.37,61.82,448.19,19.0,5.0,frecuente,True,4621c1d55fa4
1593,1649,2026-01-30,presencial (mostrador),repostería,dona glaseada,2,38.07,76.14,para llevar,false,,nan,nan,nan,nan,2026-04-26,17:20:00,entregado,efectivo,pagado,186.81,29.89,216.7,28.0,5.0,vip,False,cd70bea023f7
797,1324,2026-04-27,página web,bebidas frías,jugo de naranja,1,26.25,26.25,para llevar,false,,nan,nan,nan,nan,2026-07-25,12:50:00,entregado,pago en línea,pagado,241.1,38.58,279.68,0.0,,vip,True,e0f05da93a0f
1437,1581,2025-04-17,presencial (mesero),bebidas frías,agua mineral,1,39.09,39.09,en el lugar,false,19.0,salón principal,individual,nan,nan,2026-05-16,20:45:00,listo,efectivo,pagado,181.85,29.1,210.95,21.0,,frecuente,False,49d180ecf561
3312,2333,2025-05-19,página web,repostería,brownie,2,52.33,104.66,para llevar,false,,nan,nan,nan,nan,2026-01-07,14:25:00,entregado,pago en línea,pagado,104.66,16.75,121.41,14.0,5.0,frecuente,True,c0509a487a18
2288,1920,2025-09-29,página web,café caliente,americano,3,51.93,155.79,en el lugar,false,13.0,nan,individual,nan,nan,2026-03-02,10:50:00,entregado,transferencia,pagado,316.29,50.61,366.9,15,4.0,frecuente,True,d029fa3a95e1
292,1122,2026-06-06,página web,repostería,concha,1,38.53,38.53,para llevar,false,,nan,nan,nan,nan,2026-08-05,16:40:00,en preparación,pago en línea,pagado,38.53,6.16,44.69,15,,vip,True,b4944c6ff08d
2581,2039,2025-01-06,presencial (mostrador),alimentos,bagel con queso crema,2,74.76,149.52,para llevar,false,,nan,nan,nan,nan,2025-03-04,08:10:00,entregado,tarjeta,pagado,396.66,63.47,460.13,14.0,1.0,frecuente,False,454f63ac30c8
1510,1612,2026-04-30,presencial (mostrador),café caliente,capuchino,2,37.59,75.18,para llevar,false,,nan,nan,nan,nan,2026-07-28,17:30:00,entregado,tarjeta,pagado,117.76,18.84,136.6,33.0,5.0,vip,False,44cb730c4204
264,1109,2025-02-06,página web,repostería,croissant,2,47.27,94.54,en el lugar,false,20.0,salón principal,grupal,nan,nan,2026-03-13,20:45:00,entregado,efectivo,pagado,276.0,44.16,320.16,21.0,5.0,frecuente,True,eb624dbe56eb
1399,1565,2026-03-17,presencial (mostrador),repostería,pay de queso,3,55.29,165.87,en el lugar,false,13.0,barra,grupal,nan,nan,2026-03-20,11:25:00,en preparación,tarjeta,pagado,218.45,34.95,253.4,15,,frecuente,False,7b1a278f5abe
1832,1741,2025-09-29,presencial (mesero),café caliente,mocaccino,1,48.21,48.21,en el lugar,false,3.0,salón principal,pareja,nan,nan,10/11/2025,12:10:00,cancelado,nan,reembolsado,266.16,42.59,308.75,15,,nuevo,False,9f14025af006
1502,1608,2026-05-06,presencial (mostrador),café caliente,latte,3,44.71,134.13,en el lugar,true,20.0,salón principal,grupal,2026-05-20,completada,2026-05-22,08:40:00,entregado,transferencia,pagado,281.55,45.05,326.6,18.0,5.0,vip,False,0fecf9247f3d
2900,2165,2025-05-17,presencial(mesero),alimentos,ensalada césar,1,-62.22,62.22,en el lugar,true,15.0,barra,individual,2025-07-16,completada,2025-07-18,11:30:00,listo,transferencia,pagado,334.8,53.57,388.37,14.0,,frecuente,False,482d9673cfee
3196,2291,2025-01-27,presencial (mostrador),café frío,café helado,2,55.83,111.66,en el lugar,false,13.0,nan,grupal,nan,nan,2025-04-15,15:55:00,entregado,transferencia,pagado,279.87,44.78,324.65,9.0,4.0,frecuente,False,011af72a910a
1423,1574,2026-05-13,página web,café caliente,espresso,3,,103.68,en el lugar,true,12.0,nan,pareja,2026-05-12,cancelada,2026-05-15,20:55:00,entregado,pago en línea,pagado,225.06,36.01,261.07,45.0,4.0,vip,True,c6f3ac57944a
1776,1717,2026-07-07,página web,bebidas calientes,té chai,2,44.52,89.04,en el lugar,false,7.0,nan,grupal,nan,nan,11 de july de 2026,09:10:00,entregado,pago en línea,pagado,504.91,80.79,585.7,15,4.0,frecuente,True,76a50887d8f1
1553,1629,2025-03-25,página web,bebidas calientes,chocolate caliente,2,-36.37,72.74,para llevar,false,,nan,nan,nan,nan,2026-03-21,10:30:00,listo,pago en línea,pagado,416.15,66.58,482.73,37.0,,frecuente,True,3e1e967e9b79
1445,1585,2025-05-10,página web,cafe caliente,capuchino,2,47.7,95.4,en el lugar,false,14.0,zona de estudio,individual,nan,nan,30/11/2025,20:05:00,cancelado,pago en línea,reembolsado,17645.025046350816,47.18,7169.380803746821,15,,frecuente,True,620c9c332101
175,1069,2026-07-20,presencial (mostrador),repostería,muffin de arándano,1,46.11,46.11,para llevar,false,,nan,nan,nan,nan,2026-08-15,16:30:00,entregado,transferencia,pagado,115.27,18.44,133.71,26.0,2.0,recurrente,False,bc52dd634277
671,1277,2025-05-10,presencial (mesero),bebidas frías,limonada,3,36.63,109.89,en el lugar,true,12.0,terraza,grupal,2026-02-10,cancelada,12 de february de 2026,12:25:00,entregado,nan,pagado,352.77,56.44,409.21,41.0,3.0,frecuente,False,396f80444382
1489,1603,2025-05-14,página web,repostería,brownie,1,42.4,42.4,para llevar,false,,nan,nan,nan,nan,2026-05-27,19:15:00,en preparación,pago en línea,pagado,239.27,38.28,277.55,15,,recurrente,True,82c01ce15b43
2847,2144,2025-11-28,presencial (mesero),bebidas calientes,infusión de manzanilla,2,32.73,65.46,para llevar,false,,nan,nan,nan,nan,2026-01-03,17:20:00,listo,tarjeta,pagado,187.24,29.96,217.2,16.0,,recurrente,False,7b69759630f8
352,1147,2026-07-23,página web,bebidas calientes,chocolate caliente,2,39.85,79.7,para llevar,false,,nan,nan,nan,nan,07-27-2026,20:00:00,listo,pago en línea,pagado,258.36,41.34,299.7,28.0,,frecuente,True,5ec1a0c99d42
1784,1721,2025-02-04,presencial (mesero),repostería,brownie,3,51.42,154.26,en el lugar,true,4.0,salón principal,grupal,2026-02-09,completada,2026-02-10,08:05:00,entregado,efectivo,pagado,334.6,53.54,388.14,33.0,5.0,frecuente,False,36790ecd55c2
3179,2284,2025-04-03,página web,café frío,café helado,3,42.01,126.03,en el lugar,false,6.0,nan,grupal,nan,nan,2025-10-16,12:45:00,cancelado,pago en línea,reembolsado,535.56,85.69,621.25,15,,frecuente,True,8f1f64db81c4
3053,2225,2025-04-06,presencial (mesero),bebidas calientes,chocolate caliente,3,44.77,134.31,para llevar,false,,nan,nan,nan,nan,2025-05-20,16:00:00,entregado,efectivo,pagado,474.56,75.93,550.49,20.0,,vip,False,0e17daca5f3e
951,1384,2025-04-15,página web,bebidas calientes,infusión de manzanilla,1,32.57,32.57,para llevar,false,,nan,nan,nan,nan,09 de may de 2026,11:35:00,entregado,pago en línea,pagado,193.64,30.98,224.62,33.0,3.0,frecuente,True,7902699be42c
140,1053,2026-07-21,página web,cafe caliente,capuchino,2,53.42,106.84,para llevar,false,,nan,nan,nan,nan,2026-07-30,09:50:00,entregado,pago en línea,pagado,215.2,34.43,249.63,28.0,3.0,frecuente,True,1d0ebea552eb
3709,2484,2025-12-13,página web,café frío,café helado,2,54.13,108.26,en el lugar,true,18.0,salón principal,pareja,2026-06-12,nan,2026-06-15,10:10:00,cancelado,pago en línea,pendiente,157.91,25.27,183.18,15,,vip,True,84a5092e4a5b
1867,1757,2026-01-26,presencial (mesero),café caliente,latte,2,32.16,64.32,en el lugar,false,2.0,salón principal,pareja,nan,nan,2026-08-13,20:00:00,entregado,transferencia,pagado,64.32,10.29,74.61,21.0,5.0,frecuente,False,9d693eeee1d1
1394,1563,2026-08-18,página web,café frío,cold brew,2,50.65,101.3,en el lugar,true,16.0,salón principal,pareja,2026-08-17,completada,2026/08/19,10:20:00,entregado,pago en línea,pagado,352.25,56.36,408.61,18.0,5.0,frecuente,True,bdd2d3af3a5a
3049,2224,2026-08-14,página web,café caliente,café de olla,3,38.56,115.68,en el lugar,false,16.0,salón principal,pareja,nan,nan,2026-08-17,15:25:00,entregado,pago en línea,pagado,188.1,30.1,218.2,28.0,3.0,frecuente,True,41e521adf8ae
3622,2454,2025-03-07,página web,café caliente,latte,2,-31.07,62.14,para llevar,false,,nan,nan,nan,nan,2025-11-10,18:25:00,entregado,efectivo,pagado,62.14,9.94,72.08,34.0,5.0,recurrente,True,c2356069e9d1
600,1249,2026-01-27,página web,café caliente,latte,3,48.53,145.59,para llevar,false,,nan,nan,nan,nan,2026-04-28,12:50:00,cancelado,pago en línea,reembolsado,256.4,41.02,297.42,15,,frecuente,True,d29d53701d3c
1035,1423,2025-02-23,presencial (mesero),bebidas calientes,chocolate caliente,1,41.34,41.34,en el lugar,false,19.0,terraza,grupal,nan,nan,2025/12/06,09:20:00,listo,tarjeta,pagado,239.85,38.38,278.23,35.0,,frecuente,False,65a699905c02
788,1322,2025-03-29,página web,alimentos,ensalada césar,1,92.19,92.19,en el lugar,true,8.0,salón principal,grupal,2025-12-09,cancelada,2025-12-12,09:05:00,entregado,pago en línea,pagado,404.65,64.74,469.39,17.0,3.0,vip,True,d6f0c71ef0c8
315,1133,2026-03-09,página web,repostería,pay de queso,3,48.16,144.48,para llevar,false,,nan,nan,nan,nan,2026-06-23,14:30:00,listo,pago en línea,pagado,144.48,23.12,167.6,720.0,,vip,True,31489056e091
1984,1800,2025-05-09,presencial (mesero),repostería,croissant,1,33.29,33.29,para llevar,false,,nan,nan,nan,nan,2025-08-13,09:00:00,entregado,transferencia,pagado,232.65,37.22,269.87,25.0,5.0,recurrente,False,749fc650cacb
388,1162,2025-10-13,página web,bebidas calientes,té verde,1,,36.57,en el lugar,false,2.0,zona de estudio,individual,nan,nan,2026-07-05,19:25:00,listo,nan,pagado,267.92,42.87,310.79,32.0,,frecuente,True,44c8031cb036
3430,2382,2026-06-22,página web,repostería,brownie,3,30.38,91.14,para llevar,false,,nan,nan,nan,nan,2026-08-05,12:35:00,entregado,pago en línea,pagado,260.12,41.62,301.74,14.0,1.0,frecuente,True,8e612bd1f5d1
313,1131,2026-06-04,presencial (mostrador),café frío,cold brew,1,56.82,56.82,en el lugar,true,5.0,zona de estudio,pareja,2026-07-10,cancelada,2026-07-12,11:35:00,entregado,tarjeta,pagado,56.82,9.09,65.91,9.0,5.0,frecuente,False,35135aaa6cc2
2058,1826,,página web,bebidas frías,jugo de naranja,3,39.13,117.39,en el lugar,true,16.0,terraza,grupal,2025-11-28,completada,2025-11-29,19:45:00,entregado,pago en línea,pagado,117.39,18.78,136.17,33.0,5.0,frecuente,True,2811745d7b8d
3263,2314,2025-08-29,presencial (mesero),alimentos,panini de jamón y queso,2,92.73,185.46,para llevar,false,,nan,nan,nan,nan,2026-03-30,20:40:00,entregado,tarjeta,pagado,341.97,54.72,396.69,13.0,3.0,frecuente,False,8c1f1046219d
333,1140,2025-11-29,presencial (mesero),alimentos,panini de jamón y queso,1,49.4,49.4,para llevar,false,,nan,nan,nan,nan,2026-05-12,10:25:00,entregado,transferencia,pagado,480.07,76.81,556.88,13.0,5.0,frecuente,False,968076be2e38
890,1362,2026-01-28,página web,café frío,frappuccino de caramelo,2,49.35,98.7,para llevar,false,,nan,nan,nan,nan,2026-04-12,17:40:00,entregado,pago en línea,pagado,632.36,101.18,733.54,44.0,4.0,recurrente,True,b4bbe448fde3
2296,1924,2025-01-29,página web,café frío,café helado,3,48.75,146.25,para llevar,false,,nan,nan,nan,nan,2026-06-12,09:15:00,en preparación,pago en línea,pagado,146.25,23.4,169.65,15,10.0,recurrente,True,434c9b5ae514
1589,1647,2025-09-27,página web,repostería,muffin de arándano,3,31.92,95.76,en el lugar,false,5.0,salón principal,individual,nan,nan,2026-04-19,12:00:00,entregado,pago en línea,pagado,201.6,32.26,233.86,39.0,5.0,frecuente,True,6f4b6612125f
1681,1682,2026-06-23,página web,café frío,frappuccino de caramelo,3,,157.35,en el lugar,false,5.0,zona de estudio,individual,nan,nan,2026-07-31,13:50:00,entregado,pago en línea,pagado,394.87,63.18,458.05,39.0,5.0,frecuente,True,27badc983df1
977,1397,2025-11-13,presencial (mesero),alimentos,sandwich club,3,64.69,194.07,en el lugar,true,5.0,terraza,pareja,2026-02-13,completada,2026-02-13,13:35:00,en preparación,transferencia,pagado,283.38,45.34,328.72,15,,frecuente,False,8241649609f8
1533,1622,2026-07-08,página web,repostería,brownie,500,35.03,70.06,para llevar,false,,nan,nan,nan,nan,2026-08-08,08:10:00,listo,transferencia,pagado,297.37,47.58,344.95,15,,frecuente,True,114bd151f8fb
1628,1662,2026-05-11,página web,alimentos,sandwich club,1,59.87,59.87,en el lugar,false,4.0,terraza,pareja,nan,nan,2026-06-15,07:20:00,entregado,pago en línea,pagado,367.52,58.8,426.32,9.0,2.0,frecuente,True,7559ca4a957c
1092,1445,2025-01-25,página web,café caliente,nan,1,29.87,29.87,en el lugar,sí,12.0,barra,pareja,2025-08-30,completada,2025-08-31,12:45:00,en preparación,transferencia,pagado,436.24,69.8,506.04,15,,frecuente,True,bbb965ab0c80
174,1068,,página web,café frío,frappuccino de caramelo,1,38.21,38.21,para llevar,false,,nan,nan,nan,nan,2026/05/12,13:20:00,entregado,pago en línea,pagado,111.97,17.92,129.89,29.0,2.0,frecuente,True,dbae772db290
933,1377,2025-04-06,página web,café caliente,capuchino,2,31.69,63.38,para llevar,false,,nan,nan,nan,nan,2026-04-13,09:20:00,entregado,pago en línea,pagado,334.69,53.55,388.24,27.0,5.0,nuevo,True,4e07408562be
2447,1986,2025-06-30,presencial (mesero),alimentos,sandwich club,2,73.47,146.94,para llevar,false,,nan,nan,nan,nan,2025-10-03,08:00:00,en preparación,transferencia,pagado,246.75,39.48,286.23,15,,recurrente,False,5ef6fdf32513
325,1137,2025-08-04,página web,bebidas calientes,té chai,2,44.63,89.26,en el lugar,true,13.0,nan,pareja,06-16-2026,cancelada,2026-06-18,11:55:00,entregado,pago en línea,pagado,19545.948904345278,52.27,7941.900028565892,30.0,5.0,frecuente,True,c75cb66ae28d
1794,1725,2025-10-30,presencial (mostrador),café frío,cold brew,3,,172.05,en el lugar,false,19.0,terraza,grupal,nan,nan,2026-02-04,18:20:00,entregado,transferencia,pagado,172.05,27.53,199.58,33.0,5.0,frecuente,False,67e9c3acebb1
2320,1935,2025-05-30,página web,repostería,dona glaseada,1,35.36,35.36,en el lugar,false,8.0,salón principal,individual,nan,nan,2026-04-30,15:00:00,listo,pago en línea,pagado,182.72,29.24,211.96,31.0,,frecuente,True,8df66f64b574
885,1358,2025-12-12,página web,bebidas calientes,té chai,2,35.0,70.0,para llevar,false,,nan,nan,nan,nan,2026-03-31,19:55:00,en preparación,pago en línea,pagado,8875.166378857975,23.73,3606.0677651212527,15,,frecuente,True,6affdae3b3c1
1098,1447,2025-01-26,presencial (mesero),bebidas calientes,infusión de manzanilla,1,30.26,30.26,en el lugar,false,11.0,terraza,individual,nan,nan,2025-06-23,12:50:00,en preparación,efectivo,pagado,287.35,45.98,333.33,15,,recurrente,False,ad5736686512
3255,2312,2026-02-23,página web,repostería,concha,3,,157.23,en el lugar,true,2.0,,pareja,2026/02/23,completada,25/02/2026,14:35:00,entregado,pago en línea,pagado,26530.363192783832,70.94,10779.640208720592,34.0,5.0,recurrente,True,8cd251027157
1033,1422,2025-02-14,presencial (mesero),bebidas calientes,té verde,3,39.44,118.32,para llevar,false,,nan,nan,nan,nan,2025-04-07,17:15:00,entregado,nan,pagado,211.04,33.77,244.81,22.0,3.0,vip,False,1e472b39b105
713,1293,2025-02-03,presencial (mostrador),bebidas calientes,chocolate caliente,1,30.13,30.13,en el lugar,true,5.0,salón principal,individual,04-21-2026,cancelada,2026-04-23,16:55:00,entregado,efectivo,pagado,288.7,46.19,334.89,15.0,,vip,False,9a049b03f6fc
3753,2500,2025-09-20,página web,café caliente,espresso,2,,102.34,para llevar,false,,nan,nan,nan,nan,2026-07-04,18:55:00,entregado,pago en línea,pagado,526.12,84.18,610.3,9.0,5.0,frecuente,True,38d66d9692ac
3365,2356,2025-01-26,presencial (mesero),bebidas frías,agua mineral,3,27.35,82.05,para llevar,0,,nan,nan,nan,nan,2025-05-31,07:10:00,en preparación,efectivo,pagado,153.42,24.55,177.97,15,,frecuente,False,08490295488a
1739,1703,2025-04-25,presencial (mostrador),café caliente,capuchino,2,53.32,106.64,en el lugar,true,13.0,barra,grupal,2025-12-16,completada,2025-12-18,09:05:00,entregado,transferencia,pagado,290.77,46.52,337.29,39.0,3.0,frecuente,False,eb1e33e8a81b
938,1378,2025-03-13,presencial (mesero),bebidas calientes,té verde,500,-35.19,105.57,para llevar,false,,nan,nan,nan,nan,2025-05-24,13:00:00,en preparación,efectivo,pagado,272.69,43.63,316.32,15,,frecuente,False,70260742c295
1351,1546,2025-10-07,página web,resposteria,muffin de arándano,3,,110.67,para llevar,false,,nan,nan,nan,nan,2026-08-08,13:40:00,listo,pago en línea,pagado,146.03,23.36,169.39,33.0,,recurrente,True,56f4da26ed95
2935,2182,2025-05-16,presencial (mostrador),bebidas frías,té helado,1,31.98,31.98,para llevar,false,,nan,nan,nan,nan,2025-07-29,09:50:00,listo,tarjeta,pagado,258.19,41.31,299.5,9.0,,frecuente,False,9b871512327c
2457,1990,2025-05-05,presencial (mostrador),alimentos,panini de jamón y queso,2,,189.92,para llevar,false,,nan,nan,nan,nan,2025-07-31,19:30:00,listo,tarjeta,pagado,366.11,58.58,424.69,40.0,,recurrente,False,61a229bae1e9
2132,1861,2026-04-19,página web,repostería,pay de queso,1,,51.81,en el lugar,true,19.0,barra,pareja,2026-07-18,no_show,2026-07-19,12:55:00,entregado,pago en línea,pagado,371.4,59.42,430.82,12.0,5.0,frecuente,True,b17ef6d19c7a
2261,1911,2025-04-12,página web,café frío,frappuccino de caramelo,1,61.72,61.72,en el lugar,true,13.0,zona de estudio,grupal,2025-12-02,completada,2025-12-05,13:20:00,en preparación,efectivo,pagado,247.67,39.63,287.3,15,,frecuente,True,3d3286f7cd19
3199,2292,2025-06-01,presencial (mostrador),bebidas calientes,chocolate caliente,1,42.99,42.99,en el lugar,true,19.0,salón principal,pareja,2025-10-19,completada,2025-10-21,12:00:00,entregado,nan,pagado,200.21,32.03,232.24,23.0,5.0,frecuente,False,72440a20f540
2520,2014,2025-08-29,página web,alimentos,sandwich club,3,,269.94,en el lugar,false,5.0,salón principal,individual,nan,nan,2026-06-07,18:40:00,entregado,transferencia,pagado,398.27,63.72,461.99,43.0,10.0,frecuente,True,f6e0a1e2ac41
3245,2308,2025-05-03,página web,repostería,brownie,3,53.24,159.72,en el lugar,false,18.0,zona de estudio,grupal,nan,nan,2026-06-24,08:25:00,entregado,pago en línea,pagado,19781.09623710946,52.9,8037.469417203303,41.0,5.0,nuevo,True,6208ef0f7750
2966,2193,2025-04-12,página web,café caliente,espresso,1,29.57,29.57,para llevar,false,,nan,nan,nan,nan,2026-03-21,16:00:00,entregado,pago en línea,pagado,78.81,12.61,91.42,29.0,4.0,nuevo,True,0a2d643bfd24
1895,1769,,pagina web,café frío,frappuccino de caramelo,3,57.89,173.67,para llevar,false,,nan,nan,nan,nan,2026-07-05,14:35:00,entregado,pago en línea,pagado,590.13,94.42,684.55,18.0,2.0,frecuente,True,19581e27de7c
314,1132,2026-08-17,página web,bebidas calientes,té chai,1,38.07,38.07,en el lugar,false,13.0,zona de estudio,grupal,nan,nan,2026-08-19,15:10:00,entregado,pago en línea,pagado,38.07,6.09,44.16,15.0,5.0,frecuente,True,684fe39f0375
3529,2421,2025-06-18,presencial (mesero),repostería,dona glaseada,2,27.74,55.48,para llevar,false,,nan,nan,nan,nan,12-27-2025,20:25:00,entregado,tarjeta,pagado,279.88,44.78,324.66,31.0,5.0,frecuente,False,031b4af5197e
2370,1955,2025-11-15,presencial (mesero),repostería,muffin de arándano,2,46.39,92.78,para llevar,false,,nan,nan,nan,nan,2026-05-25,09:20:00,listo,efectivo,pagado,92.78,14.84,107.62,38.0,,frecuente,False,eeca91fd439b
715,1294,2025-03-23,página web,cafè caliente,mocaccino,2,41.12,82.24,en el lugar,true,18.0,barra,pareja,2025-08-23,completada,08-23-2025,10:00:00,entregado,nan,pagado,273.76,43.8,317.56,12.0,5.0,frecuente,True,6b51d431df5d
971,1393,2025-05-04,presencial (mostrador),bebidas calientes,té chai,1,32.24,32.24,para llevar,false,,nan,nan,nan,nan,2026/02/23,09:35:00,entregado,efectivo,pagado,99.38,15.9,115.28,35.0,2.0,frecuente,False,05ada863a4cf
2947,2187,2025-06-11,página web,café caliente,espresso,2,38.77,77.54,para llevar,false,,nan,nan,nan,nan,2026-01-16,07:30:00,entregado,pago en línea,pagado,141.1,22.58,163.68,22.0,,nuevo,True,108c995b953c
2142,1865,,página web,bebidas calientes,té chai,1,-42.79,42.79,en el lugar,true,2.0,zona de estudio,pareja,2026-04-22,completada,2026-04-22,09:15:00,entregado,pago en línea,pagado,42.79,6.85,49.64,14.0,2.0,nuevo,True,48449a14a4ff
